GTFS Stop ID,Stop Name,Daytime-Routes,GTFS Latitude,GTFS Longitude,North Direction Label,South Direction Label,,id
R01,Astoria-Ditmars Blvd,N-W,40.77504,-73.91203,,Manhattan,,1
R03,Astoria Blvd,N-W,40.77026,-73.91784,Ditmars Blvd,Manhattan,,2
R04,30 Av,N-W,40.76678,-73.92148,Astoria - Ditmars Blvd,Manhattan,,3
R05,Broadway,N-W,40.76182,-73.92551,Astoria - Ditmars Blvd,Manhattan,,4
R06,36 Av,N-W,40.75680,-73.92958,Astoria - Ditmars Blvd,Manhattan,,5
R08,39 Av-Dutch Kills,N-W,40.75288,-73.93276,Astoria - Ditmars Blvd,Manhattan,,6
R11,Lexington Av/59 St,N-W-R,40.76266,-73.96726,Queens,Downtown & Brooklyn,,7
R13,5 Av/59 St,N-W-R,40.76481,-73.97335,Queens,Downtown & Brooklyn,,8
R14,57 St-7 Av,N-Q-R-W,40.76466,-73.98066,Uptown & Queens,Downtown & Brooklyn,,9
R15,49 St,N-R-W,40.75990,-73.98414,Uptown & Queens,Downtown & Brooklyn,,10
R16,Times Sq-42 St,N-Q-R-W,40.75467,-73.98675,Uptown & Queens,Downtown & Brooklyn,,11
R17,34 St-Herald Sq,N-Q-R-W,40.74957,-73.98795,Uptown & Queens,Downtown & Brooklyn,,12
R18,28 St,R-W,40.74549,-73.98869,Uptown & Queens,Downtown & Brooklyn,,13
R19,23 St,R-W,40.74130,-73.98934,Uptown & Queens,Downtown & Brooklyn,,14
R20,14 St-Union Sq,N-Q-R-W,40.73574,-73.99057,Uptown & Queens,Downtown & Brooklyn,,15
R21,8 St-NYU,R-W,40.73033,-73.99263,Uptown & Queens,Downtown & Brooklyn,,16
R22,Prince St,R-W,40.72433,-73.99770,Uptown & Queens,Downtown & Brooklyn,,17
R23,Canal St,R-W,40.71953,-74.00178,Uptown & Queens,Downtown & Brooklyn,,18
Q01,Canal St,N-Q,40.71838,-74.00046,Uptown & Queens,Downtown & Brooklyn,,19
R24,City Hall,R-W,40.71328,-74.00698,Uptown & Queens,Downtown & Brooklyn,,20
R25,Cortlandt St,R-W,40.71067,-74.01103,Uptown & Queens,Downtown & Brooklyn,,21
R26,Rector St,R-W,40.70722,-74.01334,Uptown & Queens,Downtown & Brooklyn,,22
R27,Whitehall St-South Ferry,R-W,40.70309,-74.01299,Uptown & Queens,Brooklyn,,23
R28,Court St,R,40.69410,-73.99178,Manhattan,Bay Ridge - 95 St,,24
R29,Jay St-MetroTech,R,40.69218,-73.98594,Manhattan,Bay Ridge - 95 St,,25
R30,DeKalb Av,B-Q-R,40.69064,-73.98182,Manhattan,Coney Island - Bay Ridge,,26
R31,Atlantic Av-Barclays Ctr,D-N-R,40.68367,-73.97881,Manhattan,Coney Island - Bay Ridge,,27
R32,Union St,R,40.67732,-73.98311,Manhattan,Bay Ridge - 95 St,,28
R33,4 Av-9 St,R,40.67085,-73.98830,Manhattan,Bay Ridge - 95 St,,29
R34,Prospect Av,R,40.66541,-73.99287,Manhattan,Bay Ridge - 95 St,,30
R35,25 St,R,40.66040,-73.99809,Manhattan,Bay Ridge - 95 St,,31
R36,36 St,D-N-R,40.65514,-74.00355,Manhattan,Coney Island - Bay Ridge,,32
R39,45 St,R,40.64894,-74.01001,Manhattan,Bay Ridge - 95 St,,33
R40,53 St,R,40.64507,-74.01403,Manhattan,Bay Ridge - 95 St,,34
R41,59 St,N-R,40.64136,-74.01788,Manhattan,Coney Island - Bay Ridge,,35
R42,Bay Ridge Av,R,40.63497,-74.02338,Manhattan,95 St,,36
R43,77 St,R,40.62974,-74.02551,Manhattan,95 St,,37
R44,86 St,R,40.62269,-74.02840,Manhattan,95 St,,38
R45,Bay Ridge-95 St,R,40.61662,-74.03088,Manhattan,,,39
D24,Atlantic Av-Barclays Ctr,B-Q,40.68446,-73.97689,Manhattan,Brighton Beach & Coney Island,,40
D25,7 Av,B-Q,40.67705,-73.97237,Manhattan,Brighton Beach & Coney Island,,41
D26,Prospect Park,B-Q-S,40.66161,-73.96225,Manhattan & Franklin Av,Brighton Beach & Coney Island,,42
D27,Parkside Av,Q,40.65529,-73.96150,Manhattan,Brighton Beach & Coney Island,,43
D28,Church Av,B-Q,40.65053,-73.96298,Manhattan,Brighton Beach & Coney Island,,44
D29,Beverley Rd,Q,40.64403,-73.96449,Manhattan,Brighton Beach & Coney Island,,45
D30,Cortelyou Rd,Q,40.64093,-73.96389,Manhattan,Brighton Beach & Coney Island,,46
D31,Newkirk Plaza,B-Q,40.63508,-73.96279,Manhattan,Brighton Beach & Coney Island,,47
D32,Avenue H,Q,40.62927,-73.96164,Manhattan,Brighton Beach & Coney Island,,48
D33,Avenue J,Q,40.62504,-73.96080,Manhattan,Brighton Beach & Coney Island,,49
D34,Avenue M,Q,40.61762,-73.95940,Manhattan,Brighton Beach & Coney Island,,50
D35,Kings Hwy,B-Q,40.60867,-73.95773,Manhattan,Brighton Beach & Coney Island,,51
D37,Avenue U,Q,40.59930,-73.95593,Manhattan,Brighton Beach & Coney Island,,52
D38,Neck Rd,Q,40.59525,-73.95516,Manhattan,Brighton Beach & Coney Island,,53
D39,Sheepshead Bay,B-Q,40.58690,-73.95416,Manhattan,Brighton Beach & Coney Island,,54
D40,Brighton Beach,B-Q,40.57762,-73.96138,Manhattan,Coney Island,,55
D41,Ocean Pkwy,Q,40.57631,-73.96850,Manhattan,Stillwell Av,,56
D42,W 8 St-NY Aquarium,F-Q,40.57613,-73.97594,Manhattan,Stillwell Av,,57
D43,Coney Island-Stillwell Av,D-F-N-Q,40.57742,-73.98123,Manhattan,,,58
B12,9 Av,D,40.64629,-73.99432,Manhattan,Coney Island,,59
B13,Fort Hamilton Pkwy,D,40.64091,-73.99430,Manhattan,Coney Island,,60
B14,50 St,D,40.63626,-73.99479,Manhattan,Coney Island,,61
B15,55 St,D,40.63144,-73.99548,Manhattan,Coney Island,,62
B16,62 St,D,40.62647,-73.99690,Manhattan,Coney Island,,63
B17,71 St,D,40.61959,-73.99886,Manhattan,Coney Island,,64
B18,79 St,D,40.61350,-74.00061,Manhattan,Coney Island,,65
B19,18 Av,D,40.60795,-74.00174,Manhattan,Coney Island,,66
B20,20 Av,D,40.60456,-73.99817,Manhattan,Coney Island,,67
B21,Bay Pkwy,D,40.60188,-73.99373,Manhattan,Coney Island,,68
B22,25 Av,D,40.59770,-73.98683,Manhattan,Coney Island,,69
B23,Bay 50 St,D,40.58884,-73.98377,Manhattan,Coney Island,,70
N02,8 Av,N,40.63506,-74.01172,Manhattan,Coney Island,,71
N03,Fort Hamilton Pkwy,N,40.63139,-74.00535,Manhattan,Coney Island,,72
N04,New Utrecht Av,N,40.62484,-73.99635,Manhattan,Coney Island,,73
N05,18 Av,N,40.62067,-73.99041,Manhattan,Coney Island,,74
N06,20 Av,N,40.61741,-73.98503,Manhattan,Coney Island,,75
N07,Bay Pkwy,N,40.61182,-73.98185,Manhattan,Coney Island,,76
N08,Kings Hwy,N,40.60392,-73.98035,Manhattan,Coney Island,,77
N09,Avenue U,N,40.59747,-73.97914,Manhattan,Coney Island,,78
N10,86 St,N,40.59272,-73.97823,Manhattan,Coney Island,,79
J12,121 St,J-Z,40.70049,-73.82829,Jamaica,Manhattan,,80
J13,111 St,J,40.69742,-73.83635,Jamaica,Manhattan,,81
J14,104 St,J-Z,40.69518,-73.84433,Jamaica,Manhattan,,82
J15,Woodhaven Blvd,J-Z,40.69388,-73.85158,Jamaica,Manhattan,,83
J16,85 St-Forest Pkwy,J,40.69244,-73.86001,Jamaica,Manhattan,,84
J17,75 St-Elderts Ln,J-Z,40.69132,-73.86714,Jamaica,Manhattan,,85
J19,Cypress Hills,J,40.68994,-73.87255,Jamaica,Manhattan,,86
J20,Crescent St,J-Z,40.68319,-73.87379,Jamaica,Manhattan,,87
J21,Norwood Av,J-Z,40.68141,-73.88004,Jamaica,Manhattan,,88
J22,Cleveland St,J,40.67995,-73.88464,Jamaica,Manhattan,,89
J23,Van Siclen Av,J-Z,40.67802,-73.89169,Jamaica,Manhattan,,90
J24,Alabama Av,J,40.67699,-73.89865,Jamaica,Manhattan,,91
J27,Broadway Junction,J-Z,40.67950,-73.90451,Jamaica,Manhattan,,92
J28,Chauncey St,J-Z,40.68289,-73.91046,Jamaica,Manhattan,,93
J29,Halsey St,J,40.68637,-73.91656,Jamaica,Manhattan,,94
J30,Gates Av,J-Z,40.68963,-73.92227,Jamaica,Manhattan,,95
J31,Kosciuszko St,J,40.69334,-73.92881,Jamaica,Manhattan,,96
M11,Myrtle Av,J-M-Z,40.69721,-73.93566,Jamaica - Middle Village,Manhattan,,97
M12,Flushing Av,J-M,40.70026,-73.94113,Jamaica - Middle Village,Manhattan,,98
M13,Lorimer St,J-M,40.70387,-73.94741,Jamaica - Middle Village,Manhattan,,99
M14,Hewes St,J-M,40.70687,-73.95343,Jamaica - Middle Village,Manhattan,,100
M16,Marcy Av,J-M-Z,40.70836,-73.95776,Jamaica - Middle Village,Manhattan,,101
M18,Delancey St-Essex St,J-M-Z,40.71832,-73.98744,Brooklyn,Broad St (JZ) - Uptown (M),,102
M19,Bowery,J-Z,40.72028,-73.99392,Brooklyn,Broad St,,103
M20,Canal St,J-Z,40.71809,-73.99989,Brooklyn,Broad St,,104
M21,Chambers St,J-Z,40.71324,-74.00340,Brooklyn,Broad St,,105
M22,Fulton St,J-Z,40.71037,-74.00758,Brooklyn,Broad St,,106
M23,Broad St,J-Z,40.70648,-74.01106,Brooklyn,,,107
M01,Middle Village-Metropolitan Av,M,40.71140,-73.88960,Manhattan,,,108
M04,Fresh Pond Rd,M,40.70619,-73.89588,Manhattan,Metropolitan Av,,109
M05,Forest Av,M,40.70442,-73.90308,Manhattan,Metropolitan Av,,110
M06,Seneca Av,M,40.70276,-73.90774,Manhattan,Metropolitan Av,,111
M08,Myrtle-Wyckoff Avs,M,40.69943,-73.91239,Manhattan,Metropolitan Av,,112
M09,Knickerbocker Av,M,40.69866,-73.91971,Manhattan,Metropolitan Av,,113
M10,Central Av,M,40.69786,-73.92740,Manhattan,Metropolitan Av,,114
L01,8 Av,L,40.73978,-74.00258,,Brooklyn,,115
L02,6 Av,L,40.73734,-73.99679,8 Av,Brooklyn,,116
L03,14 St-Union Sq.,L,40.73479,-73.99073,8 Av,Brooklyn,,117
L05,3 Av,L,40.73285,-73.98612,8 Av,Brooklyn,,118
L06,1 Av,L,40.73095,-73.98163,8 Av,Brooklyn,,119
L08,Bedford Av,L,40.71730,-73.95687,Manhattan,Canarsie - Rockaway Parkway,,120
L10,Lorimer St,L,40.71406,-73.95028,Manhattan,Canarsie - Rockaway Parkway,,121
L11,Graham Av,L,40.71457,-73.94405,Manhattan,Canarsie - Rockaway Parkway,,122
L12,Grand St,L,40.71193,-73.94067,Manhattan,Canarsie - Rockaway Parkway,,123
L13,Montrose Av,L,40.70774,-73.93985,Manhattan,Canarsie - Rockaway Parkway,,124
L14,Morgan Av,L,40.70615,-73.93315,Manhattan,Canarsie - Rockaway Parkway,,125
L15,Jefferson St,L,40.70661,-73.92291,Manhattan,Canarsie - Rockaway Parkway,,126
L16,DeKalb Av,L,40.70381,-73.91843,Manhattan,Canarsie - Rockaway Parkway,,127
L17,Myrtle-Wyckoff Avs,L,40.69981,-73.91159,Manhattan,Canarsie - Rockaway Parkway,,128
L19,Halsey St,L,40.69560,-73.90408,Manhattan,Canarsie - Rockaway Parkway,,129
L20,Wilson Av,L,40.68876,-73.90405,Manhattan,Canarsie - Rockaway Parkway,,130
L21,Bushwick Av-Aberdeen St,L,40.68283,-73.90525,Manhattan,Canarsie - Rockaway Parkway,,131
L22,Broadway Junction,L,40.67886,-73.90324,Manhattan,Canarsie - Rockaway Parkway,,132
L24,Atlantic Av,L,40.67535,-73.90310,Manhattan,Canarsie - Rockaway Parkway,,133
L25,Sutter Av,L,40.66937,-73.90198,Manhattan,Canarsie - Rockaway Parkway,,134
L26,Livonia Av,L,40.66404,-73.90057,Manhattan,Canarsie - Rockaway Parkway,,135
L27,New Lots Av,L,40.65873,-73.89923,Manhattan,Canarsie - Rockaway Parkway,,136
L28,East 105 St,L,40.65057,-73.89949,Manhattan,Canarsie - Rockaway Parkway,,137
L29,Canarsie-Rockaway Pkwy,L,40.64665,-73.90185,Manhattan,,,138
S01,Franklin Av,S,40.68060,-73.95583,,Prospect Park,,139
S03,Park Pl,S,40.67477,-73.95762,Franklin Av,Prospect Park,,140
S04,Botanic Garden,S,40.67034,-73.95925,Franklin Av,Prospect Park,,141
A02,Inwood-207 St,A,40.86807,-73.91990,,Downtown & Brooklyn,,142
A03,Dyckman St,A,40.86549,-73.92727,207 St,Downtown & Brooklyn,,143
A05,190 St,A,40.85902,-73.93418,207 St,Downtown & Brooklyn,,144
A06,181 St,A,40.85170,-73.93797,207 St,Downtown & Brooklyn,,145
A07,175 St,A,40.84739,-73.93970,207 St,Downtown & Brooklyn,,146
A09,168 St,A-C,40.84072,-73.93956,207 St,Downtown & Brooklyn,,147
A10,163 St-Amsterdam Av,C,40.83601,-73.93989,Uptown,Downtown & Brooklyn,,148
A11,155 St,C,40.83052,-73.94151,Uptown,Downtown & Brooklyn,,149
A12,145 St,A-C,40.82478,-73.94422,Uptown & The Bronx,Downtown & Brooklyn,,150
D13,145 St,B-D,40.82478,-73.94422,Uptown & The Bronx,Downtown & Brooklyn,,151
A14,135 St,B-C,40.81789,-73.94765,Uptown & The Bronx,Downtown & Brooklyn,,152
A15,125 St,A-B-C-D,40.81111,-73.95234,Uptown & The Bronx,Downtown & Brooklyn,,153
A16,116 St,B-C,40.80509,-73.95488,Uptown & The Bronx,Downtown & Brooklyn,,154
A17,Cathedral Pkwy (110 St),B-C,40.80060,-73.95816,Uptown & The Bronx,Downtown & Brooklyn,,155
A18,103 St,B-C,40.79609,-73.96145,Uptown & The Bronx,Downtown & Brooklyn,,156
A19,96 St,B-C,40.79164,-73.96470,Uptown & The Bronx,Downtown & Brooklyn,,157
A20,86 St,B-C,40.78587,-73.96892,Uptown & The Bronx,Downtown & Brooklyn,,158
A21,81 St-Museum of Natural History,B-C,40.78143,-73.97214,Uptown & The Bronx,Downtown & Brooklyn,,159
A22,72 St,B-C,40.77559,-73.97641,Uptown & The Bronx,Downtown & Brooklyn,,160
A24,59 St-Columbus Circle,A-B-C-D,40.76830,-73.98174,Uptown & The Bronx,Downtown & Brooklyn,,161
A25,50 St,C-E,40.76246,-73.98598,Uptown - Queens,Downtown & Brooklyn,,162
A27,42 St-Port Authority Bus Terminal,A-C-E,40.75731,-73.98974,Uptown - Queens,Downtown & Brooklyn,,163
A28,34 St-Penn Station,A-C-E,40.75229,-73.99339,Uptown - Queens,Downtown & Brooklyn,,164
A30,23 St,C-E,40.74591,-73.99804,Uptown - Queens,Downtown & Brooklyn,,165
A31,14 St,A-C-E,40.74089,-74.00169,Uptown - Queens,Downtown & Brooklyn,,166
A32,W 4 St-Wash Sq,A-C-E,40.73234,-74.00050,Uptown - Queens,Downtown & Brooklyn,,167
D20,W 4 St-Wash Sq,B-D-F-M,40.73234,-74.00050,Uptown - Queens,Downtown & Brooklyn,,168
A33,Spring St,C-E,40.72623,-74.00374,Uptown - Queens,Downtown & Brooklyn,,169
A34,Canal St,A-C-E,40.72082,-74.00523,Uptown - Queens,Downtown & Brooklyn,,170
A36,Chambers St,A-C,40.71411,-74.00859,Uptown,Downtown & Brooklyn,,171
E01,World Trade Center,E,40.71258,-74.00978,Uptown & Queens,,,172
A38,Fulton St,A-C,40.71020,-74.00769,Uptown,Brooklyn,,173
A40,High St,A-C,40.69934,-73.99053,Manhattan,Euclid - Lefferts - Rockaways,,174
A41,Jay St-MetroTech,A-C-F,40.69234,-73.98734,Manhattan,Euclid - Lefferts - Rockaways - Coney Island,,175
A42,Hoyt-Schermerhorn Sts,A-C-G,40.68848,-73.98500,Manhattan - Church Av,Euclid Av & Queens - Court Sq,,176
A43,Lafayette Av,C,40.68611,-73.97395,Manhattan,Euclid Av,,177
A44,Clinton-Washington Avs,C,40.68326,-73.96584,Manhattan,Euclid Av,,178
A45,Franklin Av,C,40.68138,-73.95685,Manhattan,Euclid Av,,179
A46,Nostrand Av,A-C,40.68044,-73.95043,Manhattan,Euclid - Lefferts - Rockaways,,180
A47,Kingston-Throop Avs,C,40.67992,-73.94086,Manhattan,Euclid Av,,181
A48,Utica Av,A-C,40.67936,-73.93073,Manhattan,Euclid - Lefferts - Rockaways,,182
A49,Ralph Av,C,40.67882,-73.92079,Manhattan,Euclid Av,,183
A50,Rockaway Av,C,40.67834,-73.91195,Manhattan,Euclid Av,,184
A51,Broadway Junction,A-C,40.67833,-73.90532,Manhattan,Euclid - Lefferts - Rockaways,,185
A52,Liberty Av,C,40.67454,-73.89655,Manhattan,Euclid Av,,186
A53,Van Siclen Av,C,40.67271,-73.89036,Manhattan,Euclid Av,,187
A54,Shepherd Av,C,40.67413,-73.88075,Manhattan,Euclid Av,,188
A55,Euclid Av,A-C,40.67538,-73.87211,Manhattan,Lefferts - Rockaways,,189
A57,Grant Av,A,40.67704,-73.86505,Manhattan,Lefferts - Rockaways,,190
A59,80 St,A,40.67937,-73.85899,Manhattan,Lefferts - Rockaways,,191
A60,88 St,A,40.67984,-73.85147,Manhattan,Lefferts - Rockaways,,192
A61,Rockaway Blvd,A,40.68043,-73.84385,Manhattan,Lefferts - Rockaways,,193
A63,104 St,A,40.68171,-73.83768,Manhattan,Lefferts Blvd,,194
A64,111 St,A,40.68433,-73.83216,Manhattan,Lefferts Blvd,,195
A65,Ozone Park-Lefferts Blvd,A,40.68595,-73.82580,Manhattan,,,196
H01,Aqueduct Racetrack,A,40.67210,-73.83592,Manhattan,Rockaways,,197
H02,Aqueduct-N Conduit Av,A,40.66823,-73.83406,Manhattan,Rockaways,,198
H03,Howard Beach-JFK Airport,A,40.66048,-73.83030,Manhattan,Rockaways,,199
H04,Broad Channel,A-S,40.60838,-73.81593,Manhattan,Rockaways,,200
H12,Beach 90 St,A-S,40.58803,-73.81364,Manhattan,Rockaway Park,,201
H13,Beach 98 St,A-S,40.58531,-73.82056,Manhattan,Rockaway Park,,202
H14,Beach 105 St,A-S,40.58321,-73.82756,Manhattan,Rockaway Park,,203
H15,Rockaway Park-Beach 116 St,A-S,40.58090,-73.83559,Manhattan,,,204
H06,Beach 67 St,A,40.59093,-73.79692,Manhattan,Far Rockaway,,205
H07,Beach 60 St,A,40.59237,-73.78852,Manhattan,Far Rockaway,,206
H08,Beach 44 St,A,40.59294,-73.77601,Manhattan,Far Rockaway,,207
H09,Beach 36 St,A,40.59540,-73.76818,Manhattan,Far Rockaway,,208
H10,Beach 25 St,A,40.60007,-73.76135,Manhattan,Far Rockaway,,209
H11,Far Rockaway-Mott Av,A,40.60400,-73.75541,Manhattan,,,210
D01,Norwood-205 St,D,40.87481,-73.87886,,Manhattan,,211
D03,Bedford Park Blvd,B-D,40.87324,-73.88714,Norwood - 205 St,Manhattan,,212
D04,Kingsbridge Rd,B-D,40.86698,-73.89351,Bedford Pk Blvd & 205 St,Manhattan,,213
D05,Fordham Rd,B-D,40.86130,-73.89775,Bedford Pk Blvd & 205 St,Manhattan,,214
D06,182-183 Sts,B-D,40.85609,-73.90074,Bedford Pk Blvd & 205 St,Manhattan,,215
D07,Tremont Av,B-D,40.85041,-73.90523,Bedford Pk Blvd & 205 St,Manhattan,,216
D08,174-175 Sts,B-D,40.84590,-73.91014,Bedford Pk Blvd & 205 St,Manhattan,,217
D09,170 St,B-D,40.83931,-73.91340,Bedford Pk Blvd & 205 St,Manhattan,,218
D10,167 St,B-D,40.83377,-73.91844,Bedford Pk Blvd & 205 St,Manhattan,,219
D11,161 St-Yankee Stadium,B-D,40.82791,-73.92565,Bedford Pk Blvd & 205 St,Manhattan,,220
D12,155 St,B-D,40.83014,-73.93821,The Bronx,Downtown & Brooklyn,,221
B04,21 St-Queensbridge,F,40.75420,-73.94284,Jamaica,Manhattan,,222
B06,Roosevelt Island,F,40.75915,-73.95326,Queens,Manhattan,,223
B08,Lexington Av/63 St,F-Q,40.76463,-73.96611,Uptown - Queens,Downtown & Brooklyn,,224
B10,57 St,F,40.76397,-73.97745,Uptown & Queens,Downtown & Brooklyn,,225
D15,47-50 Sts-Rockefeller Ctr,B-D-F-M,40.75866,-73.98133,Uptown & The Bronx - Queens,Downtown & Brooklyn,,226
D16,42 St-Bryant Pk,B-D-F-M,40.75422,-73.98457,Uptown & The Bronx - Queens,Downtown & Brooklyn,,227
D17,34 St-Herald Sq,B-D-F-M,40.74972,-73.98782,Uptown & The Bronx - Queens,Downtown & Brooklyn,,228
D18,23 St,F-M,40.74288,-73.99282,Uptown & Queens,Downtown & Brooklyn,,229
D19,14 St,F-M,40.73823,-73.99621,Uptown & Queens,Downtown & Brooklyn,,230
D21,Broadway-Lafayette St,B-D-F-M,40.72530,-73.99620,Uptown & The Bronx - Queens,Downtown & Brooklyn,,231
D22,Grand St,B-D,40.71827,-73.99375,Uptown & The Bronx,Brooklyn,,232
F14,2 Av,F,40.72340,-73.98994,Uptown & Queens,Downtown & Brooklyn,,233
F15,Delancey St-Essex St,F,40.71861,-73.98811,Uptown & Queens,Downtown & Brooklyn,,234
F16,East Broadway,F,40.71372,-73.99017,Uptown & Queens,Brooklyn,,235
F18,York St,F,40.70140,-73.98675,Manhattan,Coney Island,,236
F20,Bergen St,F-G,40.68615,-73.99086,Manhattan - Queens,Church Av - Coney Island,,237
F21,Carroll St,F-G,40.68030,-73.99505,Manhattan - Queens,Church Av - Coney Island,,238
F22,Smith-9 Sts,F-G,40.67358,-73.99596,Manhattan - Queens,Church Av - Coney Island,,239
F23,4 Av-9 St,F-G,40.67027,-73.98978,Manhattan - Queens,Church Av - Coney Island,,240
F24,7 Av,F-G,40.66627,-73.98031,Manhattan - Queens,Church Av - Coney Island,,241
F25,15 St-Prospect Park,F-G,40.66037,-73.97949,Manhattan - Queens,Church Av - Coney Island,,242
F26,Fort Hamilton Pkwy,F-G,40.65078,-73.97578,Manhattan - Queens,Church Av - Coney Island,,243
F27,Church Av,F-G,40.64404,-73.97968,Manhattan,Coney Island,,244
F29,Ditmas Av,F,40.63612,-73.97817,Manhattan,Coney Island,,245
F30,18 Av,F,40.62976,-73.97697,Manhattan,Coney Island,,246
F31,Avenue I,F,40.62532,-73.97613,Manhattan,Coney Island,,247
F32,Bay Pkwy,F,40.62077,-73.97526,Manhattan,Coney Island,,248
F33,Avenue N,F,40.61514,-73.97420,Manhattan,Coney Island,,249
F34,Avenue P,F,40.60894,-73.97302,Manhattan,Coney Island,,250
F35,Kings Hwy,F,40.60322,-73.97236,Manhattan,Coney Island,,251
F36,Avenue U,F,40.59606,-73.97336,Manhattan,Coney Island,,252
F38,Avenue X,F,40.58962,-73.97425,Manhattan,Coney Island,,253
F39,Neptune Av,F,40.58101,-73.97457,Manhattan,Stillwell Av,,254
F01,Jamaica-179 St,F,40.71265,-73.78382,,Manhattan,,255
F02,169 St,F,40.71047,-73.79360,179 St,Manhattan,,256
F03,Parsons Blvd,F,40.70756,-73.80333,179 St,Manhattan,,257
F04,Sutphin Blvd,F,40.70546,-73.81071,179 St,Manhattan,,258
F05,Briarwood,E-F,40.70918,-73.82057,Jamaica,Manhattan,,259
F06,Kew Gardens-Union Tpke,E-F,40.71444,-73.83101,Jamaica,Manhattan,,260
F07,75 Av,E-F,40.71833,-73.83732,Jamaica,Manhattan,,261
G08,Forest Hills-71 Av,E-F-M-R,40.72169,-73.84452,Jamaica,Manhattan,,262
G09,67 Av,M-R,40.72652,-73.85272,Forest Hills,Manhattan,,263
G10,63 Dr-Rego Park,M-R,40.72985,-73.86160,Forest Hills,Manhattan,,264
G11,Woodhaven Blvd,M-R,40.73311,-73.86923,Forest Hills,Manhattan,,265
G12,Grand Av-Newtown,M-R,40.73702,-73.87722,Forest Hills,Manhattan,,266
G13,Elmhurst Av,M-R,40.74245,-73.88202,Forest Hills,Manhattan,,267
G14,Jackson Hts-Roosevelt Av,E-F-M-R,40.74664,-73.89134,Forest Hills - Jamaica,Manhattan,,268
G15,65 St,M-R,40.74967,-73.89845,Forest Hills,Manhattan,,269
G16,Northern Blvd,M-R,40.75289,-73.90601,Forest Hills,Manhattan,,270
G18,46 St,M-R,40.75631,-73.91333,Forest Hills,Manhattan,,271
G19,Steinway St,M-R,40.75688,-73.92074,Forest Hills,Manhattan,,272
G20,36 St,M-R,40.75204,-73.92878,Forest Hills,Manhattan,,273
G21,Queens Plaza,E-M-R,40.74897,-73.93724,Forest Hills - Jamaica,Manhattan,,274
F09,Court Sq-23 St,E-M,40.74785,-73.94600,Forest Hills - Jamaica,Manhattan,,275
F11,Lexington Av/53 St,E-M,40.75755,-73.96906,Queens,Downtown & Brooklyn,,276
F12,5 Av/53 St,E-M,40.76017,-73.97522,Queens,Downtown & Brooklyn,,277
D14,7 Av,B-D-E,40.76286,-73.98164,Uptown & The Bronx - Queens,Downtown & Brooklyn,,278
G05,Jamaica Center-Parsons/Archer,E-J-Z,40.70215,-73.80111,,Manhattan,,279
G06,Sutphin Blvd-Archer Av-JFK Airport,E-J-Z,40.70049,-73.80797,Jamaica Center,Manhattan,,280
G07,Jamaica-Van Wyck,E,40.70257,-73.81686,Jamaica Center,Manhattan,,281
G22,Court Sq,G,40.74655,-73.94383,,Brooklyn,,282
G24,21 St,G,40.74407,-73.94972,Court Sq,Brooklyn,,283
G26,Greenpoint Av,G,40.73135,-73.95445,Queens,Church Av,,284
G28,Nassau Av,G,40.72464,-73.95128,Queens,Church Av,,285
G29,Metropolitan Av,G,40.71279,-73.95142,Queens,Church Av,,286
G30,Broadway,G,40.70609,-73.95031,Queens,Church Av,,287
G31,Flushing Av,G,40.70038,-73.95023,Queens,Church Av,,288
G32,Myrtle-Willoughby Avs,G,40.69457,-73.94905,Queens,Church Av,,289
G33,Bedford-Nostrand Avs,G,40.68963,-73.95352,Queens,Church Av,,290
G34,Classon Av,G,40.68887,-73.96007,Queens,Church Av,,291
G35,Clinton-Washington Avs,G,40.68809,-73.96684,Queens,Church Av,,292
G36,Fulton St,G,40.68712,-73.97538,Queens,Church Av,,293
101,Van Cortlandt Park-242 St,1-1,40.88925,-73.89858,,Manhattan,,294
103,238 St,1-1,40.88467,-73.90087,242 St,Manhattan,,295
104,231 St,1-1,40.87886,-73.90483,242 St,Manhattan,,296
106,Marble Hill-225 St,1-1,40.87456,-73.90983,242 St,Downtown,,297
107,215 St,1-1,40.86944,-73.91528,The Bronx,Downtown,,298
108,207 St,1-1,40.86462,-73.91882,Uptown & The Bronx,Downtown,,299
109,Dyckman St,1-1,40.86053,-73.92554,Uptown & The Bronx,Downtown,,300
110,191 St,1-1,40.85523,-73.92941,Uptown & The Bronx,Downtown,,301
111,181 St,1-1,40.84951,-73.93360,Uptown & The Bronx,Downtown,,302
112,168 St-Washington Hts,1-1,40.84056,-73.94013,Uptown & The Bronx,Downtown,,303
113,157 St,1-1,40.83404,-73.94489,Uptown & The Bronx,Downtown,,304
114,145 St,1-1,40.82655,-73.95036,Uptown & The Bronx,Downtown,,305
115,137 St-City College,1-1,40.82201,-73.95368,Uptown & The Bronx,Downtown,,306
116,125 St,1-1,40.81558,-73.95837,Uptown & The Bronx,Downtown,,307
117,116 St-Columbia University,1-1,40.80772,-73.96411,Uptown & The Bronx,Downtown,,308
118,Cathedral Pkwy (110 St),1-1,40.80397,-73.96685,Uptown & The Bronx,Downtown,,309
119,103 St,1-1,40.79945,-73.96838,Uptown & The Bronx,Downtown,,310
120,96 St,1-2,40.79392,-73.97232,Uptown & The Bronx,Downtown & Brooklyn,,311
121,86 St,1-1,40.78864,-73.97622,Uptown & The Bronx,Downtown,,312
122,79 St,1-1,40.78393,-73.97992,Uptown & The Bronx,Downtown,,313
123,72 St,1-2,40.77845,-73.98197,Uptown & The Bronx,Downtown & Brooklyn,,314
124,66 St-Lincoln Center,1-1,40.77344,-73.98221,Uptown & The Bronx,Downtown,,315
125,59 St-Columbus Circle,1-1,40.76825,-73.98193,Uptown & The Bronx,Downtown,,316
126,50 St,1-1,40.76173,-73.98385,Uptown & The Bronx,Downtown,,317
127,Times Sq-42 St,1-2,40.75529,-73.98750,Uptown & The Bronx,Downtown & Brooklyn,,318
128,34 St-Penn Station,1-2,40.75037,-73.99106,Uptown & The Bronx,Downtown & Brooklyn,,319
129,28 St,1-1,40.74722,-73.99337,Uptown & The Bronx,Downtown,,320
130,23 St,1-1,40.74408,-73.99566,Uptown & The Bronx,Downtown,,321
131,18 St,1-1,40.74104,-73.99787,Uptown & The Bronx,Downtown,,322
132,14 St,1-2,40.73783,-74.00020,Uptown & The Bronx,Downtown & Brooklyn,,323
133,Christopher St-Sheridan Sq,1-1,40.73342,-74.00291,Uptown & The Bronx,Downtown,,324
134,Houston St,1-1,40.72825,-74.00537,Uptown & The Bronx,Downtown,,325
135,Canal St,1-1,40.72285,-74.00628,Uptown & The Bronx,Downtown,,326
136,Franklin St,1-1,40.71932,-74.00689,Uptown & The Bronx,Downtown,,327
137,Chambers St,1-2,40.71548,-74.00927,Uptown & The Bronx,Downtown & Brooklyn,,328
138,WTC Cortlandt,1-1,40.71184,-74.01219,Uptown & The Bronx,Downtown,,329
139,Rector St,1-1,40.70751,-74.01378,Uptown & The Bronx,Downtown,,330
142,South Ferry,1-1,40.70207,-74.01366,Uptown & The Bronx,,,331
228,Park Place,2-3,40.71305,-74.00881,Uptown & The Bronx,Downtown & Brooklyn,,332
229,Fulton St,2-3,40.70942,-74.00657,Uptown & The Bronx,Downtown & Brooklyn,,333
230,Wall St,2-3,40.70682,-74.00910,Uptown & The Bronx,Brooklyn,,334
231,Clark St,2-3,40.69747,-73.99309,Manhattan,Flatbush - New Lots,,335
232,Borough Hall,2-3,40.69322,-73.99000,Manhattan,Flatbush - New Lots,,336
233,Hoyt St,2-3,40.69055,-73.98507,Manhattan,Flatbush - New Lots,,337
234,Nevins St,2-3-4-5,40.68825,-73.98049,Manhattan,Flatbush - Utica - New Lots,,338
235,Atlantic Av-Barclays Ctr,2-3-4-5,40.68436,-73.97767,Manhattan,Flatbush - New Lots,,339
236,Bergen St,2-3,40.68083,-73.97510,Manhattan,Flatbush - New Lots,,340
237,Grand Army Plaza,2-3,40.67524,-73.97105,Manhattan,Flatbush - New Lots,,341
238,Eastern Pkwy-Brooklyn Museum,2-3,40.67199,-73.96438,Manhattan,Flatbush - New Lots,,342
239,Franklin Avenue-Medgar Evers College,2-3-4-5,40.67068,-73.95813,Manhattan,Flatbush - Utica - New Lots,,343
248,Nostrand Av,1-3,40.66985,-73.95047,Manhattan,New Lots,,344
249,Kingston Av,1-3,40.66940,-73.94216,Manhattan,New Lots,,345
250,Crown Hts-Utica Av,3-4,40.66890,-73.93294,Manhattan,New Lots,,346
251,Sutter Av-Rutland Rd,1-3,40.66472,-73.92261,Manhattan,New Lots,,347
252,Saratoga Av,1-3,40.66145,-73.91633,Manhattan,New Lots,,348
253,Rockaway Av,1-3,40.66255,-73.90895,Manhattan,New Lots,,349
254,Junius St,1-3,40.66352,-73.90245,Manhattan,New Lots,,350
255,Pennsylvania Av,1-3,40.66464,-73.89490,Manhattan,New Lots,,351
256,Van Siclen Av,1-3,40.66545,-73.88940,Manhattan,New Lots,,352
257,New Lots Av,1-3,40.66624,-73.88408,Manhattan,,,353
241,President Street-Medgar Evers College,2-5,40.66788,-73.95068,Manhattan,Flatbush,,354
242,Sterling St,2-5,40.66274,-73.95085,Manhattan,Flatbush,,355
243,Winthrop St,2-5,40.65665,-73.95020,Manhattan,Flatbush,,356
244,Church Av,2-5,40.65084,-73.94958,Manhattan,Flatbush,,357
245,Beverly Rd,2-5,40.64510,-73.94896,Manhattan,Flatbush,,358
246,Newkirk Av - Little Haiti,2-5,40.63997,-73.94841,Manhattan,Flatbush,,359
247,Flatbush Av-Brooklyn College,2-5,40.63284,-73.94764,Manhattan,,,360
601,Pelham Bay Park,1-6,40.85246,-73.82812,,Manhattan,,361
602,Buhre Av,1-6,40.84681,-73.83257,Pelham Bay Park,Manhattan,,362
603,Middletown Rd,1-6,40.84386,-73.83632,Pelham Bay Park,Manhattan,,363
604,Westchester Sq-E Tremont Av,1-6,40.83989,-73.84295,Pelham Bay Park,Manhattan,,364
606,Zerega Av,1-6,40.83649,-73.84704,Pelham Bay Park,Manhattan,,365
607,Castle Hill Av,1-6,40.83426,-73.85122,Pelham Bay Park,Manhattan,,366
608,Parkchester,1-6,40.83323,-73.86082,Pelham Bay Park,Manhattan,,367
609,St Lawrence Av,1-6,40.83151,-73.86762,Pelham Bay Park,Manhattan,,368
610,Morrison Av-Soundview,1-6,40.82952,-73.87452,Pelham Bay Park,Manhattan,,369
611,Elder Av,1-6,40.82858,-73.87916,Pelham Bay Park,Manhattan,,370
612,Whitlock Av,1-6,40.82653,-73.88628,Pelham Bay Park,Manhattan,,371
613,Hunts Point Av,1-6,40.82095,-73.89055,Pelham Bay Park,Manhattan,,372
614,Longwood Av,1-6,40.81610,-73.89644,Pelham Bay Park,Manhattan,,373
615,E 149 St,1-6,40.81212,-73.90410,Pelham Bay Park,Manhattan,,374
616,E 143 St-St Mary's St,1-6,40.80872,-73.90766,Pelham Bay Park,Manhattan,,375
617,Cypress Av,1-6,40.80537,-73.91404,Pelham Bay Park,Manhattan,,376
618,Brook Av,1-6,40.80757,-73.91924,Pelham Bay Park,Manhattan,,377
619,3 Av-138 St,1-6,40.81048,-73.92614,Pelham Bay Park,Manhattan,,378
401,Woodlawn,1-4,40.88604,-73.87875,,Manhattan,,379
402,Mosholu Pkwy,1-4,40.87975,-73.88466,Woodlawn,Manhattan,,380
405,Bedford Park Blvd-Lehman College,1-4,40.87341,-73.89006,Woodlawn,Manhattan,,381
406,Kingsbridge Rd,1-4,40.86776,-73.89717,Woodlawn,Manhattan,,382
407,Fordham Rd,1-4,40.86280,-73.90103,Woodlawn,Manhattan,,383
408,183 St,1-4,40.85841,-73.90388,Woodlawn,Manhattan,,384
409,Burnside Av,1-4,40.85345,-73.90768,Woodlawn,Manhattan,,385
410,176 St,1-4,40.84848,-73.91179,Woodlawn,Manhattan,,386
411,Mt Eden Av,1-4,40.84443,-73.91469,Woodlawn,Manhattan,,387
412,170 St,1-4,40.84008,-73.91779,Woodlawn,Manhattan,,388
413,167 St,1-4,40.83554,-73.92140,Woodlawn,Manhattan,,389
414,161 St-Yankee Stadium,1-4,40.82799,-73.92583,Woodlawn,Manhattan,,390
415,149 St-Grand Concourse,1-4,40.81838,-73.92735,Woodlawn,Manhattan,,391
416,138 St-Grand Concourse,4-5,40.81322,-73.92985,Woodlawn - Eastchester Dyre Av,Manhattan,,392
621,125 St,4-5,40.80414,-73.93759,The Bronx,Downtown & Brooklyn,,393
622,116 St,1-6,40.79863,-73.94162,Uptown & The Bronx,Downtown,,394
623,110 St,1-6,40.79502,-73.94425,Uptown & The Bronx,Downtown,,395
624,103 St,1-6,40.79060,-73.94748,Uptown & The Bronx,Downtown,,396
625,96 St,1-6,40.78567,-73.95107,Uptown & The Bronx,Downtown,,397
626,86 St,4-5,40.77949,-73.95559,Uptown & The Bronx,Downtown & Brooklyn,,398
627,77 St,1-6,40.77362,-73.95987,Uptown & The Bronx,Downtown,,399
628,68 St-Hunter College,1-6,40.76814,-73.96387,Uptown & The Bronx,Downtown,,400
629,59 St,4-5,40.76253,-73.96797,Uptown & The Bronx,Downtown & Brooklyn,,401
630,51 St,1-6,40.75711,-73.97192,Uptown & The Bronx,Downtown,,402
631,Grand Central-42 St,4-5,40.75178,-73.97685,Uptown & The Bronx,Downtown & Brooklyn,,403
632,33 St,1-6,40.74608,-73.98208,Uptown & The Bronx,Downtown,,404
633,28 St,1-6,40.74307,-73.98426,Uptown & The Bronx,Downtown,,405
634,23 St,1-6,40.73986,-73.98660,Uptown & The Bronx,Downtown,,406
635,14 St-Union Sq,4-5,40.73467,-73.98995,Uptown & The Bronx,Downtown & Brooklyn,,407
636,Astor Pl,1-6,40.73005,-73.99107,Uptown & The Bronx,Downtown,,408
637,Bleecker St,1-6,40.72592,-73.99466,Uptown & The Bronx,Downtown,,409
638,Spring St,1-6,40.72230,-73.99714,Uptown & The Bronx,Downtown,,410
639,Canal St,1-6,40.71880,-74.00019,Uptown & The Bronx,Downtown,,411
640,Brooklyn Bridge-City Hall,4-5,40.71307,-74.00413,Uptown & The Bronx,Downtown & Brooklyn,,412
418,Fulton St,4-5,40.71037,-74.00951,Uptown & The Bronx,Downtown & Brooklyn,,413
419,Wall St,4-5,40.70756,-74.01186,Uptown & The Bronx,Downtown & Brooklyn,,414
420,Bowling Green,4-5,40.70482,-74.01407,Uptown & The Bronx,Brooklyn,,415
423,Borough Hall,4-5,40.69240,-73.99015,Manhattan,Flatbush - Utica,,416
201,Wakefield-241 St,1-2,40.90313,-73.85062,,Manhattan,,417
204,Nereid Av,2-5,40.89838,-73.85438,Wakefield - 241 St,Manhattan,,418
205,233 St,2-5,40.89319,-73.85747,Wakefield - 241 St,Manhattan,,419
206,225 St,2-5,40.88802,-73.86034,Wakefield - 241 St,Manhattan,,420
207,219 St,2-5,40.88390,-73.86263,Wakefield - 241 St,Manhattan,,421
208,Gun Hill Rd,2-5,40.87785,-73.86626,Wakefield - 241 St,Manhattan,,422
209,Burke Av,2-5,40.87136,-73.86716,Wakefield - 241 St,Manhattan,,423
210,Allerton Av,2-5,40.86546,-73.86735,Wakefield - 241 St,Manhattan,,424
211,Pelham Pkwy,2-5,40.85719,-73.86762,Wakefield - 241 St,Manhattan,,425
212,Bronx Park East,2-5,40.84883,-73.86846,Wakefield - 241 St,Manhattan,,426
213,E 180 St,2-5,40.84189,-73.87349,Wakefield - Eastchester,Manhattan,,427
214,West Farms Sq-E Tremont Av,2-5,40.84030,-73.88005,Wakefield - Eastchester,Manhattan,,428
215,174 St,2-5,40.83729,-73.88773,Wakefield - Eastchester,Manhattan,,429
216,Freeman St,2-5,40.82999,-73.89187,Wakefield - Eastchester,Manhattan,,430
217,Simpson St,2-5,40.82407,-73.89306,Wakefield - Eastchester,Manhattan,,431
218,Intervale Av,2-5,40.82218,-73.89674,Wakefield - Eastchester,Manhattan,,432
219,Prospect Av,2-5,40.81959,-73.90177,Wakefield - Eastchester,Manhattan,,433
220,Jackson Av,2-5,40.81649,-73.90781,Wakefield - Eastchester,Manhattan,,434
221,3 Av-149 St,2-5,40.81611,-73.91776,Wakefield - Eastchester,Manhattan,,435
222,149 St-Grand Concourse,2-5,40.81841,-73.92672,Wakefield - Eastchester,Manhattan,,436
301,Harlem-148 St,1-3,40.82388,-73.93647,,Downtown & Brooklyn,,437
302,145 St,1-3,40.82042,-73.93625,148 St,Downtown & Brooklyn,,438
224,135 St,2-3,40.81423,-73.94077,Uptown & The Bronx,Downtown & Brooklyn,,439
225,125 St,2-3,40.80775,-73.94550,Uptown & The Bronx,Downtown & Brooklyn,,440
226,116 St,2-3,40.80210,-73.94963,Uptown & The Bronx,Downtown & Brooklyn,,441
227,Central Park North (110 St),2-3,40.79908,-73.95182,Uptown & The Bronx,Downtown & Brooklyn,,442
501,Eastchester-Dyre Av,1-5,40.88830,-73.83083,,Manhattan,,443
502,Baychester Av,1-5,40.87866,-73.83859,Eastchester - Dyre Av,Manhattan,,444
503,Gun Hill Rd,1-5,40.86953,-73.84638,Eastchester - Dyre Av,Manhattan,,445
504,Pelham Pkwy,1-5,40.85899,-73.85536,Eastchester - Dyre Av,Manhattan,,446
505,Morris Park,1-5,40.85436,-73.86050,Eastchester - Dyre Av,Manhattan,,447
701,Flushing-Main St,1-7,40.75960,-73.83003,,Manhattan,,448
702,Mets-Willets Point,1-7,40.75462,-73.84563,Flushing,Manhattan,,449
705,111 St,1-7,40.75173,-73.85533,Flushing,Manhattan,,450
706,103 St-Corona Plaza,1-7,40.74987,-73.86270,Flushing,Manhattan,,451
707,Junction Blvd,1-7,40.74915,-73.86953,Flushing,Manhattan,,452
708,90 St-Elmhurst Av,1-7,40.74841,-73.87661,Flushing,Manhattan,,453
709,82 St-Jackson Hts,1-7,40.74766,-73.88370,Flushing,Manhattan,,454
710,74 St-Broadway,1-7,40.74685,-73.89139,Flushing,Manhattan,,455
711,69 St,1-7,40.74633,-73.89640,Flushing,Manhattan,,456
712,Woodside-61 St,1-7,40.74563,-73.90298,Flushing,Manhattan,,457
713,52 St,1-7,40.74415,-73.91255,Flushing,Manhattan,,458
714,46 St-Bliss St,1-7,40.74313,-73.91844,Flushing,Manhattan,,459
715,40 St-Lowery St,1-7,40.74378,-73.92402,Flushing,Manhattan,,460
716,33 St-Rawson St,1-7,40.74459,-73.93100,Flushing,Manhattan,,461
718,Queensboro Plaza,1-7,40.75058,-73.94020,Astoria - Flushing,Manhattan,,462
R09,Queensboro Plaza,N-W,40.75058,-73.94020,Astoria - Flushing,Manhattan,,463
719,Court Sq,1-7,40.74702,-73.94526,Flushing,Manhattan,,464
720,Hunters Point Av,1-7,40.74222,-73.94892,Flushing,Manhattan,,465
721,Vernon Blvd-Jackson Av,1-7,40.74263,-73.95358,Flushing,Manhattan,,466
723,Grand Central-42 St,1-7,40.75143,-73.97604,Queens,34 St - Hudson Yards,,467
724,5 Av,1-7,40.75382,-73.98196,Queens,34 St - Hudson Yards,,468
725,Times Sq-42 St,1-7,40.75548,-73.98769,Queens,34 St - Hudson Yards,,469
902,Times Sq-42 St,S,40.75598,-73.98623,,Grand Central,,470
901,Grand Central-42 St,S,40.75277,-73.97919,Times Sq,,,471
726,34 St-Hudson Yards,1-7,40.75588,-74.00191,Queens,,,472
Q05,96 St,Q,40.78432,-73.94715,,Downtown & Brooklyn,,473
Q04,86 St,Q,40.77789,-73.95179,Uptown,Downtown & Brooklyn,,474
Q03,72 St,Q,40.76880,-73.95842,Uptown,Downtown & Brooklyn,,475
S31,St George,SIR,40.64375,-74.07364,,Tottenville,,476
S30,Tompkinsville,SIR,40.63695,-74.07484,St George,Tottenville,,477
S29,Stapleton,SIR,40.62792,-74.07516,St George,Tottenville,,478
S28,Clifton,SIR,40.62132,-74.07140,St George,Tottenville,,479
S27,Grasmere,SIR,40.60312,-74.08409,St George,Tottenville,,480
S26,Old Town,SIR,40.59661,-74.08737,St George,Tottenville,,481
S25,Dongan Hills,SIR,40.58885,-74.09609,St George,Tottenville,,482
S24,Jefferson Av,SIR,40.58359,-74.10334,St George,Tottenville,,483
S23,Grant City,SIR,40.57897,-74.10970,St George,Tottenville,,484
S22,New Dorp,SIR,40.57348,-74.11721,St George,Tottenville,,485
S21,Oakwood Heights,SIR,40.56511,-74.12632,St George,Tottenville,,486
S20,Bay Terrace,SIR,40.55640,-74.13691,St George,Tottenville,,487
S19,Great Kills,SIR,40.55123,-74.15140,St George,Tottenville,,488
S18,Eltingville,SIR,40.54460,-74.16457,St George,Tottenville,,489
S17,Annadale,SIR,40.54046,-74.17822,St George,Tottenville,,490
S16,Huguenot,SIR,40.53367,-74.19179,St George,Tottenville,,491
S15,Prince's Bay,SIR,40.52551,-74.20006,St George,Tottenville,,492
S14,Pleasant Plains,SIR,40.52241,-74.21785,St George,Tottenville,,493
S13,Richmond Valley,SIR,40.51963,-74.22914,St George,Tottenville,,494
S09,Tottenville,SIR,40.51276,-74.25196,St George,,,495
S11,Arthur Kill,SIR,40.51658,-74.24210,St George,Tottenville,,496
